{"stats":{"minecraft:mined":{"minecraft:dark_oak_planks":1,"minecraft:red_bed":2,"treasure2:wood_chest":1,"minecraft:crafting_table":1,"minecraft:grass":2,"minecraft:bookshelf":6,"minecraft:grass_block":2,"minecraft:oak_log":14,"minecraft:chest":8,"minecraft:sand":8,"minecraft:dirt":14},"minecraft:crafted":{"minecraft:oak_planks":56,"minecraft:crafting_table":1,"minecraft:wooden_pickaxe":1,"minecraft:wooden_axe":2},"minecraft:broken":{"minecraft:wooden_axe":1},"minecraft:used":{"minecraft:dark_oak_planks":1,"minecraft:wooden_axe":64,"minecraft:dark_oak_log":2,"minecraft:bread":13,"minecraft:dirt":9,"minecraft:sand":7,"minecraft:crafting_table":1,"minecraft:red_bed":1},"minecraft:custom":{"minecraft:time_since_rest":3380,"minecraft:sprint_one_cm":57939,"minecraft:interact_with_furnace":1,"minecraft:damage_taken":605,"minecraft:walk_one_cm":109908,"minecraft:mob_kills":11,"minecraft:drop":2,"minecraft:damage_dealt":1555,"minecraft:interact_with_crafting_table":2,"minecraft:interact_with_cartography_table":1,"minecraft:talked_to_villager":7,"minecraft:fly_one_cm":42187,"minecraft:open_chest":18,"tombstone:undead_killed":3,"minecraft:play_time":24188,"minecraft:sneak_time":58,"minecraft:bell_ring":3,"minecraft:walk_under_water_one_cm":1842,"minecraft:jump":372,"minecraft:walk_on_water_one_cm":5289,"minecraft:time_since_death":24188,"minecraft:sleep_in_bed":2,"minecraft:total_world_time":24188,"minecraft:interact_with_smoker":1,"minecraft:fall_one_cm":6450},"minecraft:killed":{"minecraft:skeleton":2,"minecraft:zombie":1,"minecraft:spider":2,"minecraft:cow":6},"minecraft:picked_up":{"minecraft:book":18,"minecraft:dark_oak_sapling":9,"minecraft:stick":18,"minecraft:crafting_table":1,"minecraft:leather":4,"minecraft:potato":34,"minecraft:sand":8,"minecraft:oak_log":14,"minecraft:string":2,"minecraft:dark_oak_log":37,"treasure2:wood_chest":1,"minecraft:dirt":15,"minecraft:red_bed":2,"minecraft:dark_oak_planks":1,"minecraft:rotten_flesh":1,"minecraft:arrow":2,"minecraft:bone":5,"minecraft:apple":20,"dynamictrees:dark_oak_seed":6,"minecraft:gold_nugget":3,"minecraft:beef":9,"minecraft:bread":32,"minecraft:emerald":6,"minecraft:chest":8},"minecraft:dropped":{"minecraft:gold_nugget":2}},"DataVersion":3120}