{"stats":{"minecraft:mined":{"minecraft:ice":3},"minecraft:picked_up":{"iceandfire:dragon_skull_ice":1,"iceandfire:dragonbone":18},"minecraft:custom":{"minecraft:jump":146,"minecraft:time_since_rest":8170,"minecraft:damage_dealt":80,"minecraft:damage_taken":150,"minecraft:leave_game":2,"minecraft:play_time":8170,"minecraft:sprint_one_cm":29429,"minecraft:time_since_death":8170,"minecraft:walk_on_water_one_cm":7739,"minecraft:walk_one_cm":35896,"minecraft:sneak_time":63,"minecraft:total_world_time":8170,"minecraft:walk_under_water_one_cm":7808,"minecraft:fall_one_cm":1648,"minecraft:fly_one_cm":50135}},"DataVersion":3120}