{"stats":{"minecraft:custom":{"minecraft:mob_kills":24,"minecraft:interact_with_crafting_table":33,"minecraft:interact_with_campfire":16,"minecraft:bell_ring":3,"minecraft:leave_game":2,"minecraft:time_since_death":19051,"minecraft:climb_one_cm":896,"minecraft:sprint_one_cm":373364,"minecraft:walk_one_cm":778188,"minecraft:drop":32,"minecraft:talked_to_villager":7,"minecraft:play_time":182995,"minecraft:deaths":2,"minecraft:sneak_time":1392,"minecraft:walk_under_water_one_cm":22125,"minecraft:boat_one_cm":422361,"minecraft:jump":1873,"minecraft:walk_on_water_one_cm":40748,"minecraft:total_world_time":182995,"minecraft:interact_with_furnace":6,"tombstone:raider_killed":2,"minecraft:interact_with_cartography_table":2,"minecraft:sleep_in_bed":14,"minecraft:time_since_rest":4439,"minecraft:damage_taken":2616,"minecraft:damage_dealt":3946,"minecraft:fly_one_cm":218489,"minecraft:open_chest":58,"minecraft:crouch_one_cm":4657,"tombstone:undead_killed":11,"minecraft:interact_with_smoker":1,"minecraft:fall_one_cm":36939},"minecraft:picked_up":{"minecraft:crafting_table":1,"minecraft:splash_potion":1,"minecraft:leather_leggings":1,"minecraft:wooden_pickaxe":2,"minecraft:enchanted_book":2,"minecraft:string":4,"minecraft:red_bed":5,"minecraft:raw_copper":3,"minecraft:cooked_salmon":3,"dynamictrees:dark_oak_seed":55,"minecraft:gold_nugget":3,"minecraft:beef":9,"minecraft:oak_boat":3,"minecraft:rose_bush":2,"dynamictrees:oak_seed":49,"minecraft:iron_pickaxe":1,"minecraft:enchanted_golden_apple":2,"minecraft:chest":16,"minecraft:egg":1,"minecraft:sandstone":17,"minecraft:dark_oak_sapling":10,"minecraft:stick":328,"minecraft:raw_iron":2,"minecraft:oak_door":1,"minecraft:torch":21,"minecraft:carrot":1,"treasure2:wood_chest":1,"minecraft:dark_oak_planks":36,"minecraft:arrow":7,"minecraft:rotten_flesh":20,"minecraft:totem_of_undying":2,"minecraft:white_wool":7,"minecraft:bone_block":3,"minecraft:cobblestone":113,"minecraft:enchanting_table":1,"minecraft:leather_chestplate":2,"minecraft:leather":5,"travelersbackpack:red_sleeping_bag":3,"minecraft:potato":34,"minecraft:oak_log":117,"minecraft:dirt":49,"minecraft:bone":11,"minecraft:apple":20,"minecraft:iron_ingot":23,"dynamictrees:birch_seed":1,"orcz:big_bone_1":2,"minecraft:oak_planks":168,"minecraft:dark_oak_stairs":8,"minecraft:book":18,"minecraft:dark_oak_slab":2,"treasure2:safe":1,"minecraft:gravel":11,"orcz:bone_1deco":2,"minecraft:sand":1133,"minecraft:dark_oak_log":348,"minecraft:pumpkin_seeds":4,"minecraft:soul_lantern":4,"minecraft:writable_book":2,"treasure2:cardboard_box":1,"minecraft:granite":20,"minecraft:emerald":7,"minecraft:bread":37,"orcz:ironscrap":4,"minecraft:baked_potato":16,"minecraft:coal":39},"minecraft:mined":{"minecraft:dark_oak_planks":37,"dynamictrees:dark_oak_sapling":1,"minecraft:oak_door":1,"treasure2:wood_chest":1,"minecraft:granite":23,"travelersbackpack:red_sleeping_bag":3,"minecraft:grass_block":14,"minecraft:sandstone":19,"minecraft:spawner":4,"minecraft:iron_ore":2,"minecraft:andesite":1,"minecraft:dark_oak_stairs":8,"minecraft:enchanting_table":1,"minecraft:bookshelf":6,"minecraft:stone":110,"minecraft:bone_block":3,"minecraft:red_bed":5,"minecraft:soul_lantern":4,"minecraft:crafting_table":2,"minecraft:torch":8,"minecraft:chest":18,"minecraft:rose_bush":2,"minecraft:copper_ore":1,"minecraft:cobblestone":9,"minecraft:oak_planks":165,"treasure2:safe":1,"minecraft:wall_torch":5,"treasure2:cardboard_box":1,"minecraft:dark_oak_slab":1,"minecraft:grass":3,"minecraft:oak_log":24,"minecraft:coal_ore":35,"minecraft:gravel":12,"minecraft:dark_oak_sapling":1,"minecraft:sand":1146,"minecraft:dirt":37,"dynamictrees:oak_sapling":1},"minecraft:killed":{"minecraft:evoker":1,"minecraft:vindicator":1,"minecraft:spider":2,"minecraft:skeleton":6,"minecraft:zombie":5,"minecraft:cow":6},"minecraft:dropped":{"dynamictrees:birch_seed":1,"dynamictrees:dark_oak_seed":6,"minecraft:cobblestone":4,"minecraft:granite":20,"minecraft:stick":72,"minecraft:dirt":1,"minecraft:torch":3,"minecraft:gold_nugget":2,"minecraft:sand":1,"minecraft:iron_pickaxe":1,"minecraft:string":2,"dynamictrees:oak_seed":4,"minecraft:raw_iron":1,"minecraft:rotten_flesh":18,"minecraft:oak_planks":4,"minecraft:carrot":1,"minecraft:leather_chestplate":1,"minecraft:wooden_pickaxe":3},"minecraft:crafted":{"minecraft:oak_door":3,"minecraft:oak_planks":416,"minecraft:stone_shovel":9,"minecraft:furnace":1,"minecraft:stone_button":1,"minecraft:stone":3,"minecraft:bone_meal":27,"travelersbackpack:white_sleeping_bag":1,"minecraft:iron_axe":2,"minecraft:dark_oak_planks":636,"minecraft:red_dye":4,"minecraft:dark_oak_stairs":116,"minecraft:crafting_table":5,"minecraft:wooden_pickaxe":1,"minecraft:stone_axe":1,"travelersbackpack:red_sleeping_bag":1,"minecraft:oak_boat":2,"minecraft:dark_oak_slab":6,"minecraft:iron_pickaxe":1,"minecraft:wooden_axe":2,"minecraft:iron_shovel":1,"minecraft:torch":28},"minecraft:broken":{"minecraft:iron_axe":1,"minecraft:stone_axe":1,"minecraft:wooden_axe":1,"minecraft:stone_shovel":8},"minecraft:killed_by":{"minecraft:zombie":1,"minecraft:vex":1},"minecraft:used":{"minecraft:iron_shovel":2,"minecraft:stone_shovel":1125,"minecraft:chest":8,"minecraft:iron_sword":7,"dynamictrees:oak_seed":42,"minecraft:oak_door":4,"minecraft:torch":39,"minecraft:dirt":48,"minecraft:wooden_axe":72,"minecraft:dark_oak_planks":439,"minecraft:iron_axe":257,"minecraft:dark_oak_slab":6,"travelersbackpack:red_sleeping_bag":3,"minecraft:furnace":1,"tombstone:gift":4,"minecraft:egg":1,"dynamictrees:dark_oak_seed":27,"minecraft:potato":3,"minecraft:dark_oak_sapling":2,"minecraft:dark_oak_stairs":120,"minecraft:baked_potato":11,"minecraft:oak_planks":517,"minecraft:wooden_pickaxe":8,"minecraft:sandstone":17,"minecraft:sand":338,"minecraft:crafting_table":6,"minecraft:red_bed":5,"minecraft:dark_oak_log":2,"minecraft:bread":38,"minecraft:iron_pickaxe":215,"minecraft:stone_button":1,"minecraft:soul_lantern":3,"minecraft:stone_axe":38,"minecraft:oak_boat":5,"minecraft:bone_meal":27}},"DataVersion":3120}