{"stats":{"minecraft:crafted":{"minecraft:wooden_shovel":1,"minecraft:birch_planks":64,"minecraft:crafting_table":1,"minecraft:wooden_pickaxe":1,"minecraft:wooden_axe":1},"minecraft:used":{"minecraft:wooden_axe":18,"minecraft:crafting_table":2,"minecraft:wooden_pickaxe":2,"minecraft:wooden_shovel":8},"minecraft:custom":{"minecraft:time_since_rest":5626,"minecraft:play_time":5626,"minecraft:sprint_one_cm":7959,"minecraft:damage_taken":108,"minecraft:walk_one_cm":21519,"minecraft:mob_kills":7,"minecraft:jump":62,"minecraft:damage_dealt":580,"minecraft:time_since_death":5626,"minecraft:climb_one_cm":66,"minecraft:total_world_time":5626,"minecraft:fall_one_cm":2007,"minecraft:interact_with_crafting_table":2,"minecraft:fly_one_cm":8860},"minecraft:mined":{"minecraft:grass_block":4,"minecraft:grass":1,"minecraft:dirt":4,"minecraft:stone":2,"minecraft:crafting_table":2},"minecraft:picked_up":{"minecraft:birch_log":22,"minecraft:stick":37,"minecraft:crafting_table":2,"minecraft:brown_wool":1,"minecraft:porkchop":1,"dynamictrees:birch_seed":19,"minecraft:dirt":8,"minecraft:mutton":7,"minecraft:white_wool":4},"minecraft:killed":{"minecraft:sheep":6,"minecraft:pig":1}},"DataVersion":3120}