{"stats":{"minecraft:broken":{"minecraft:wooden_axe":1,"minecraft:stone_shovel":8},"minecraft:picked_up":{"minecraft:crafting_table":1,"minecraft:leather":4,"minecraft:wooden_pickaxe":2,"minecraft:potato":34,"minecraft:enchanted_book":1,"minecraft:oak_log":87,"minecraft:red_bed":3,"minecraft:dirt":15,"minecraft:string":4,"minecraft:bone":8,"minecraft:apple":20,"dynamictrees:dark_oak_seed":16,"minecraft:gold_nugget":3,"minecraft:iron_ingot":2,"minecraft:beef":9,"dynamictrees:birch_seed":1,"minecraft:oak_boat":2,"dynamictrees:oak_seed":37,"orcz:big_bone_1":2,"minecraft:chest":10,"minecraft:oak_planks":6,"minecraft:book":18,"minecraft:dark_oak_sapling":10,"minecraft:stick":154,"minecraft:raw_iron":1,"minecraft:sandstone":7,"minecraft:torch":6,"orcz:bone_1deco":2,"minecraft:sand":1097,"minecraft:carrot":1,"treasure2:wood_chest":1,"minecraft:dark_oak_log":113,"minecraft:dark_oak_planks":1,"minecraft:pumpkin_seeds":4,"minecraft:arrow":5,"minecraft:rotten_flesh":15,"minecraft:soul_lantern":1,"minecraft:emerald":6,"minecraft:bread":32,"orcz:ironscrap":4,"minecraft:baked_potato":16,"minecraft:coal":6,"minecraft:bone_block":3,"minecraft:cobblestone":19},"minecraft:dropped":{"dynamictrees:birch_seed":1,"dynamictrees:dark_oak_seed":6,"minecraft:raw_iron":1,"minecraft:cobblestone":4,"minecraft:rotten_flesh":15,"minecraft:carrot":1,"minecraft:stick":8,"minecraft:torch":3,"minecraft:gold_nugget":2,"minecraft:sand":1,"minecraft:wooden_pickaxe":3,"minecraft:string":2},"minecraft:custom":{"minecraft:interact_with_furnace":1,"minecraft:mob_kills":15,"minecraft:interact_with_crafting_table":13,"minecraft:interact_with_cartography_table":2,"minecraft:interact_with_campfire":16,"minecraft:bell_ring":3,"minecraft:leave_game":1,"minecraft:time_since_death":92816,"minecraft:sleep_in_bed":7,"minecraft:time_since_rest":10719,"minecraft:sprint_one_cm":198049,"minecraft:damage_taken":1150,"minecraft:walk_one_cm":435329,"minecraft:drop":18,"minecraft:damage_dealt":2355,"minecraft:talked_to_villager":7,"minecraft:fly_one_cm":134392,"minecraft:open_chest":36,"minecraft:play_time":92816,"minecraft:crouch_one_cm":4315,"tombstone:undead_killed":7,"minecraft:sneak_time":1294,"minecraft:walk_under_water_one_cm":8641,"minecraft:boat_one_cm":60377,"minecraft:jump":1101,"minecraft:total_world_time":92816,"minecraft:walk_on_water_one_cm":17351,"minecraft:interact_with_smoker":1,"minecraft:fall_one_cm":22495},"minecraft:mined":{"minecraft:dark_oak_planks":1,"minecraft:red_bed":3,"treasure2:wood_chest":1,"minecraft:soul_lantern":1,"minecraft:crafting_table":2,"minecraft:torch":3,"minecraft:grass_block":3,"minecraft:chest":10,"minecraft:cobblestone":7,"minecraft:oak_planks":6,"minecraft:sandstone":9,"minecraft:iron_ore":1,"minecraft:grass":2,"minecraft:bookshelf":6,"minecraft:oak_log":14,"minecraft:coal_ore":2,"minecraft:dark_oak_sapling":1,"minecraft:dirt":14,"minecraft:sand":1106,"minecraft:stone":12,"minecraft:bone_block":3},"minecraft:used":{"minecraft:stone_shovel":1086,"minecraft:oak_planks":323,"minecraft:chest":2,"minecraft:wooden_pickaxe":8,"minecraft:sandstone":7,"dynamictrees:oak_seed":34,"minecraft:torch":3,"minecraft:sand":338,"minecraft:dirt":15,"minecraft:crafting_table":5,"minecraft:red_bed":3,"minecraft:wooden_axe":72,"minecraft:dark_oak_planks":1,"minecraft:dark_oak_log":2,"minecraft:bread":28,"minecraft:iron_pickaxe":30,"minecraft:stone_axe":27,"dynamictrees:dark_oak_seed":9,"minecraft:potato":3,"minecraft:oak_boat":2,"minecraft:bone_meal":27,"minecraft:dark_oak_sapling":2},"minecraft:killed":{"minecraft:spider":2,"minecraft:skeleton":4,"minecraft:zombie":3,"minecraft:cow":6},"minecraft:crafted":{"minecraft:oak_planks":348,"minecraft:stone_shovel":9,"minecraft:crafting_table":4,"minecraft:wooden_pickaxe":1,"minecraft:bone_meal":27,"minecraft:stone_axe":1,"minecraft:oak_boat":1,"minecraft:iron_pickaxe":1,"minecraft:wooden_axe":2}},"DataVersion":3120}