{"stats":{"minecraft:broken":{"minecraft:wooden_axe":1},"minecraft:picked_up":{"minecraft:book":18,"minecraft:dark_oak_sapling":9,"minecraft:crafting_table":1,"minecraft:stick":18,"minecraft:leather":4,"minecraft:wooden_pickaxe":2,"minecraft:potato":34,"orcz:bone_1deco":2,"minecraft:sand":8,"minecraft:oak_log":14,"minecraft:pumpkin_seeds":4,"minecraft:carrot":1,"treasure2:wood_chest":1,"minecraft:dark_oak_log":37,"minecraft:dirt":15,"minecraft:string":2,"minecraft:red_bed":2,"minecraft:dark_oak_planks":1,"minecraft:bone":6,"minecraft:arrow":3,"minecraft:rotten_flesh":3,"minecraft:apple":20,"minecraft:gold_nugget":3,"dynamictrees:dark_oak_seed":6,"minecraft:beef":9,"dynamictrees:birch_seed":1,"minecraft:baked_potato":4,"minecraft:bread":32,"minecraft:emerald":6,"orcz:ironscrap":2,"minecraft:chest":9},"minecraft:dropped":{"minecraft:gold_nugget":2,"minecraft:wooden_pickaxe":2},"minecraft:custom":{"minecraft:time_since_rest":8709,"minecraft:interact_with_furnace":1,"minecraft:sprint_one_cm":76686,"minecraft:damage_taken":740,"minecraft:walk_one_cm":133401,"minecraft:mob_kills":13,"minecraft:drop":4,"minecraft:damage_dealt":1955,"minecraft:interact_with_campfire":8,"minecraft:interact_with_crafting_table":3,"minecraft:interact_with_cartography_table":1,"minecraft:fly_one_cm":49820,"minecraft:talked_to_villager":7,"minecraft:open_chest":21,"minecraft:bell_ring":3,"minecraft:play_time":29517,"tombstone:undead_killed":5,"minecraft:sneak_time":71,"minecraft:walk_under_water_one_cm":1842,"minecraft:jump":468,"minecraft:time_since_death":29517,"minecraft:walk_on_water_one_cm":5289,"minecraft:sleep_in_bed":2,"minecraft:total_world_time":29517,"minecraft:interact_with_smoker":1,"minecraft:fall_one_cm":8072},"minecraft:mined":{"minecraft:dark_oak_planks":1,"minecraft:red_bed":2,"treasure2:wood_chest":1,"minecraft:crafting_table":1,"minecraft:grass":2,"minecraft:bookshelf":6,"minecraft:grass_block":2,"minecraft:oak_log":14,"minecraft:chest":9,"minecraft:sand":8,"minecraft:dirt":14},"minecraft:used":{"minecraft:wooden_axe":72,"minecraft:dark_oak_planks":1,"minecraft:dark_oak_log":2,"minecraft:bread":15,"minecraft:wooden_pickaxe":1,"minecraft:dirt":15,"minecraft:sand":7,"minecraft:crafting_table":2,"minecraft:red_bed":1},"minecraft:crafted":{"minecraft:oak_planks":56,"minecraft:crafting_table":1,"minecraft:wooden_pickaxe":1,"minecraft:wooden_axe":2},"minecraft:killed":{"minecraft:skeleton":3,"minecraft:zombie":2,"minecraft:spider":2,"minecraft:cow":6}},"DataVersion":3120}