{"stats":{"minecraft:mined":{"minecraft:dark_oak_planks":1,"minecraft:red_bed":1,"treasure2:wood_chest":1,"minecraft:crafting_table":1,"minecraft:bookshelf":6,"minecraft:grass_block":2,"minecraft:oak_log":14,"minecraft:chest":5,"minecraft:sand":8,"minecraft:dirt":14},"minecraft:crafted":{"minecraft:oak_planks":8,"minecraft:crafting_table":1,"minecraft:wooden_axe":1},"minecraft:used":{"minecraft:wooden_axe":27,"minecraft:bread":4,"minecraft:dirt":3,"minecraft:sand":7,"minecraft:crafting_table":1,"minecraft:red_bed":1},"minecraft:custom":{"minecraft:time_since_rest":4351,"minecraft:sprint_one_cm":10458,"minecraft:interact_with_furnace":1,"minecraft:damage_taken":220,"minecraft:walk_one_cm":49677,"minecraft:damage_dealt":126,"minecraft:interact_with_crafting_table":1,"minecraft:interact_with_cartography_table":1,"minecraft:talked_to_villager":2,"minecraft:fly_one_cm":5431,"minecraft:open_chest":15,"minecraft:play_time":12188,"minecraft:walk_under_water_one_cm":467,"minecraft:jump":121,"minecraft:walk_on_water_one_cm":3057,"minecraft:time_since_death":12188,"minecraft:sleep_in_bed":1,"minecraft:total_world_time":12188,"minecraft:interact_with_smoker":1,"minecraft:fall_one_cm":1843},"minecraft:picked_up":{"minecraft:book":18,"minecraft:dark_oak_sapling":3,"minecraft:stick":13,"minecraft:crafting_table":1,"minecraft:potato":26,"minecraft:sand":8,"minecraft:oak_log":14,"treasure2:wood_chest":1,"minecraft:dirt":15,"minecraft:red_bed":1,"minecraft:dark_oak_planks":1,"minecraft:bone":1,"minecraft:apple":12,"minecraft:gold_nugget":1,"minecraft:bread":15,"minecraft:emerald":4,"minecraft:chest":5}},"DataVersion":3120}