{"stats":{"minecraft:custom":{"minecraft:mob_kills":46,"minecraft:interact_with_crafting_table":52,"minecraft:interact_with_campfire":16,"minecraft:bell_ring":3,"minecraft:leave_game":3,"minecraft:time_since_death":82752,"minecraft:climb_one_cm":1320,"minecraft:sprint_one_cm":517894,"minecraft:walk_one_cm":956110,"minecraft:drop":50,"minecraft:talked_to_villager":7,"minecraft:play_time":246696,"minecraft:deaths":2,"minecraft:sneak_time":3694,"minecraft:walk_under_water_one_cm":36177,"minecraft:boat_one_cm":624701,"minecraft:jump":2445,"minecraft:walk_on_water_one_cm":52043,"minecraft:total_world_time":246696,"minecraft:interact_with_furnace":15,"tombstone:raider_killed":2,"minecraft:interact_with_cartography_table":2,"minecraft:sleep_in_bed":19,"minecraft:time_since_rest":1449,"minecraft:damage_taken":3203,"minecraft:damage_dealt":7174,"minecraft:fly_one_cm":307469,"minecraft:open_chest":105,"minecraft:crouch_one_cm":9472,"tombstone:undead_killed":23,"minecraft:interact_with_smoker":1,"minecraft:fall_one_cm":49046},"minecraft:picked_up":{"minecraft:crafting_table":1,"minecraft:splash_potion":1,"minecraft:leather_leggings":1,"minecraft:wooden_pickaxe":2,"minecraft:enchanted_book":2,"butchercraft:pork_scraps":2,"minecraft:string":6,"minecraft:red_bed":5,"minecraft:raw_copper":3,"minecraft:cooked_salmon":3,"dynamictrees:dark_oak_seed":55,"minecraft:gold_nugget":3,"minecraft:beef":9,"minecraft:oak_boat":7,"minecraft:rose_bush":2,"dynamictrees:oak_seed":49,"minecraft:iron_pickaxe":1,"minecraft:enchanted_golden_apple":2,"minecraft:chest":17,"minecraft:egg":2,"minecraft:dark_oak_door":1,"minecraft:sandstone":34,"minecraft:dark_oak_sapling":10,"minecraft:stick":328,"minecraft:raw_iron":2,"minecraft:oak_door":1,"minecraft:torch":22,"minecraft:stone_button":1,"tombstone:grave_dust":1,"minecraft:carrot":1,"treasure2:wood_chest":1,"minecraft:dark_oak_planks":43,"butchercraft:chicken_scraps":1,"minecraft:arrow":11,"minecraft:rotten_flesh":27,"minecraft:jungle_stairs":1,"minecraft:sandstone_stairs":19,"minecraft:totem_of_undying":2,"minecraft:white_wool":8,"minecraft:bone_block":3,"minecraft:cobblestone":113,"minecraft:enchanting_table":1,"minecraft:leather_chestplate":2,"minecraft:feather":2,"minecraft:salmon":2,"minecraft:leather":5,"travelersbackpack:red_sleeping_bag":7,"minecraft:potato":34,"minecraft:oak_log":117,"minecraft:gunpowder":2,"minecraft:dirt":138,"minecraft:bone":11,"minecraft:apple":20,"minecraft:stone_bricks":2,"minecraft:iron_ingot":23,"dynamictrees:birch_seed":1,"orcz:big_bone_1":2,"minecraft:mossy_stone_brick_stairs":1,"minecraft:oak_planks":168,"minecraft:dark_oak_stairs":8,"minecraft:book":18,"minecraft:dark_oak_slab":2,"minecraft:pumpkin":9,"minecraft:chiseled_stone_bricks":1,"treasure2:safe":1,"minecraft:gravel":11,"orcz:bone_1deco":2,"minecraft:sand":1232,"minecraft:dark_oak_log":349,"minecraft:polished_andesite":1,"minecraft:pumpkin_seeds":4,"minecraft:soul_lantern":4,"minecraft:writable_book":2,"butchercraft:lamb_scraps":1,"treasure2:cardboard_box":1,"minecraft:granite":20,"minecraft:emerald":7,"minecraft:bread":37,"orcz:ironscrap":4,"minecraft:baked_potato":16,"minecraft:coal":39},"minecraft:mined":{"minecraft:dark_oak_planks":46,"dynamictrees:dark_oak_sapling":1,"minecraft:oak_door":1,"minecraft:dark_oak_log":1,"treasure2:wood_chest":1,"minecraft:granite":23,"travelersbackpack:red_sleeping_bag":7,"minecraft:stone_button":1,"minecraft:grass_block":56,"minecraft:jungle_planks":3,"minecraft:sandstone":37,"minecraft:chiseled_stone_bricks":1,"minecraft:sandstone_stairs":19,"minecraft:spawner":5,"minecraft:iron_ore":2,"minecraft:andesite":1,"minecraft:pumpkin":11,"minecraft:dark_oak_stairs":10,"minecraft:enchanting_table":1,"minecraft:mossy_stone_brick_stairs":1,"minecraft:bookshelf":6,"minecraft:stone":110,"minecraft:bone_block":3,"minecraft:red_bed":5,"minecraft:soul_lantern":4,"minecraft:crafting_table":2,"minecraft:torch":9,"minecraft:jungle_stairs":1,"minecraft:chest":19,"minecraft:rose_bush":2,"minecraft:copper_ore":1,"minecraft:cobblestone":9,"minecraft:oak_planks":165,"treasure2:safe":1,"minecraft:wall_torch":5,"treasure2:cardboard_box":1,"minecraft:dark_oak_slab":1,"minecraft:grass":3,"minecraft:oak_log":24,"minecraft:coal_ore":36,"minecraft:gravel":12,"minecraft:dark_oak_sapling":1,"minecraft:sand":1246,"minecraft:dirt":95,"dynamictrees:oak_sapling":1,"minecraft:polished_andesite":1,"minecraft:stone_bricks":2},"minecraft:killed":{"minecraft:evoker":1,"minecraft:vindicator":1,"minecraft:spider":4,"minecraft:skeleton":10,"minecraft:chicken":1,"minecraft:pig":1,"minecraft:salmon":2,"minecraft:creeper":2,"minecraft:sheep":1,"minecraft:zombie":13,"minecraft:cow":6},"minecraft:dropped":{"dynamictrees:birch_seed":1,"dynamictrees:dark_oak_seed":6,"minecraft:cobblestone":4,"minecraft:granite":20,"minecraft:stick":72,"minecraft:dirt":2,"minecraft:torch":3,"minecraft:gold_nugget":2,"minecraft:sand":3,"minecraft:iron_pickaxe":1,"minecraft:dark_oak_planks":7,"minecraft:string":2,"dynamictrees:oak_seed":4,"minecraft:raw_iron":1,"minecraft:rotten_flesh":18,"minecraft:oak_planks":4,"minecraft:carrot":1,"minecraft:leather_chestplate":1,"minecraft:jungle_stairs":1,"minecraft:sandstone":7,"minecraft:wooden_pickaxe":3},"minecraft:crafted":{"minecraft:oak_door":3,"minecraft:oak_planks":416,"minecraft:stone_shovel":9,"minecraft:furnace":2,"minecraft:stone_button":10,"minecraft:stone":10,"minecraft:bone_meal":27,"securitycraft:keypad_item":1,"minecraft:heavy_weighted_pressure_plate":1,"minecraft:glass":20,"travelersbackpack:white_sleeping_bag":1,"minecraft:iron_boots":1,"minecraft:iron_axe":2,"minecraft:dark_oak_planks":636,"minecraft:red_dye":4,"minecraft:dark_oak_stairs":116,"minecraft:crafting_table":5,"travelersbackpack:backpack_tank":2,"minecraft:wooden_pickaxe":1,"minecraft:iron_helmet":1,"minecraft:stone_axe":1,"minecraft:air":0,"travelersbackpack:red_sleeping_bag":1,"minecraft:oak_boat":2,"minecraft:iron_chestplate":1,"minecraft:dark_oak_slab":6,"minecraft:iron_pickaxe":2,"minecraft:wooden_axe":2,"minecraft:iron_shovel":1,"minecraft:iron_leggings":1,"minecraft:sandstone":128,"minecraft:torch":68,"minecraft:sandstone_stairs":40},"minecraft:broken":{"minecraft:iron_axe":1,"minecraft:stone_axe":1,"minecraft:iron_pickaxe":1,"minecraft:wooden_axe":1,"minecraft:stone_shovel":9},"minecraft:killed_by":{"minecraft:zombie":1,"minecraft:vex":1},"minecraft:used":{"minecraft:iron_shovel":116,"minecraft:stone_shovel":1179,"minecraft:chest":17,"minecraft:iron_sword":7,"dynamictrees:oak_seed":42,"minecraft:iron_chestplate":1,"minecraft:oak_door":4,"minecraft:torch":39,"minecraft:dirt":53,"securitycraft:keypad_item":1,"minecraft:glass":3,"minecraft:wooden_axe":72,"minecraft:dark_oak_planks":439,"minecraft:iron_axe":349,"minecraft:dark_oak_slab":6,"minecraft:stone_bricks":2,"travelersbackpack:red_sleeping_bag":7,"minecraft:furnace":2,"tombstone:gift":6,"minecraft:egg":1,"dynamictrees:dark_oak_seed":27,"minecraft:potato":3,"minecraft:iron_leggings":1,"minecraft:dark_oak_sapling":2,"minecraft:dark_oak_stairs":120,"minecraft:sandstone_stairs":55,"minecraft:baked_potato":11,"minecraft:oak_planks":517,"minecraft:wooden_pickaxe":8,"minecraft:sandstone":94,"minecraft:sand":563,"minecraft:crafting_table":6,"minecraft:red_bed":5,"minecraft:oak_log":1,"minecraft:dark_oak_log":2,"minecraft:bread":53,"minecraft:iron_pickaxe":263,"minecraft:stone_button":1,"minecraft:soul_lantern":3,"minecraft:stone_axe":38,"minecraft:oak_boat":8,"minecraft:bone_meal":27}},"DataVersion":3120}