{"stats":{"minecraft:broken":{"minecraft:stone_axe":1,"minecraft:wooden_axe":1,"minecraft:stone_shovel":8},"minecraft:picked_up":{"minecraft:crafting_table":1,"minecraft:leather_chestplate":2,"minecraft:leather_leggings":1,"minecraft:leather":5,"travelersbackpack:red_sleeping_bag":1,"minecraft:wooden_pickaxe":2,"minecraft:potato":34,"minecraft:enchanted_book":1,"minecraft:oak_log":100,"minecraft:red_bed":5,"minecraft:dirt":15,"minecraft:string":4,"minecraft:cooked_salmon":3,"minecraft:bone":8,"minecraft:apple":20,"dynamictrees:dark_oak_seed":55,"minecraft:gold_nugget":3,"minecraft:iron_ingot":23,"minecraft:beef":9,"dynamictrees:birch_seed":1,"minecraft:oak_boat":3,"minecraft:rose_bush":2,"dynamictrees:oak_seed":41,"orcz:big_bone_1":2,"minecraft:chest":12,"minecraft:oak_planks":164,"minecraft:dark_oak_stairs":8,"minecraft:book":18,"minecraft:dark_oak_slab":2,"minecraft:dark_oak_sapling":10,"minecraft:stick":323,"minecraft:raw_iron":1,"minecraft:sandstone":7,"minecraft:oak_door":1,"minecraft:torch":12,"orcz:bone_1deco":2,"minecraft:sand":1097,"minecraft:carrot":1,"treasure2:wood_chest":1,"minecraft:dark_oak_log":348,"minecraft:dark_oak_planks":36,"minecraft:pumpkin_seeds":4,"minecraft:arrow":5,"minecraft:rotten_flesh":17,"minecraft:soul_lantern":4,"minecraft:emerald":6,"minecraft:bread":37,"orcz:ironscrap":4,"minecraft:baked_potato":16,"minecraft:coal":6,"minecraft:white_wool":7,"minecraft:bone_block":3,"minecraft:cobblestone":19},"minecraft:dropped":{"dynamictrees:birch_seed":1,"dynamictrees:dark_oak_seed":6,"minecraft:raw_iron":1,"minecraft:cobblestone":4,"minecraft:rotten_flesh":15,"minecraft:carrot":1,"minecraft:stick":8,"minecraft:leather_chestplate":1,"minecraft:torch":3,"minecraft:gold_nugget":2,"minecraft:sand":1,"minecraft:wooden_pickaxe":3,"minecraft:string":2},"minecraft:custom":{"minecraft:interact_with_furnace":1,"minecraft:mob_kills":18,"minecraft:interact_with_crafting_table":29,"minecraft:interact_with_cartography_table":2,"minecraft:interact_with_campfire":16,"minecraft:bell_ring":3,"minecraft:leave_game":1,"minecraft:time_since_death":140816,"minecraft:sleep_in_bed":12,"minecraft:time_since_rest":3521,"minecraft:sprint_one_cm":256695,"minecraft:damage_taken":1565,"minecraft:walk_one_cm":657479,"minecraft:drop":19,"minecraft:damage_dealt":2643,"minecraft:talked_to_villager":7,"minecraft:fly_one_cm":166427,"minecraft:open_chest":46,"minecraft:play_time":140816,"minecraft:crouch_one_cm":4609,"tombstone:undead_killed":7,"minecraft:sneak_time":1322,"minecraft:walk_under_water_one_cm":9290,"minecraft:boat_one_cm":412820,"minecraft:jump":1414,"minecraft:total_world_time":140816,"minecraft:walk_on_water_one_cm":22155,"minecraft:interact_with_smoker":1,"minecraft:fall_one_cm":28166},"minecraft:mined":{"minecraft:dark_oak_planks":37,"dynamictrees:dark_oak_sapling":1,"minecraft:red_bed":5,"minecraft:oak_door":1,"treasure2:wood_chest":1,"minecraft:soul_lantern":4,"minecraft:crafting_table":2,"minecraft:torch":4,"travelersbackpack:red_sleeping_bag":1,"minecraft:grass_block":3,"minecraft:chest":12,"minecraft:rose_bush":2,"minecraft:cobblestone":7,"minecraft:oak_planks":164,"minecraft:sandstone":9,"minecraft:dark_oak_slab":1,"minecraft:iron_ore":1,"minecraft:dark_oak_stairs":8,"minecraft:grass":2,"minecraft:bookshelf":6,"minecraft:oak_log":14,"minecraft:coal_ore":2,"minecraft:dark_oak_sapling":1,"minecraft:dirt":14,"minecraft:sand":1106,"minecraft:stone":12,"minecraft:bone_block":3},"minecraft:used":{"minecraft:dark_oak_stairs":120,"minecraft:stone_shovel":1086,"minecraft:baked_potato":5,"minecraft:oak_planks":513,"minecraft:chest":2,"minecraft:wooden_pickaxe":8,"minecraft:sandstone":7,"dynamictrees:oak_seed":34,"minecraft:oak_door":4,"minecraft:torch":25,"minecraft:sand":338,"minecraft:dirt":15,"minecraft:crafting_table":5,"minecraft:red_bed":5,"minecraft:wooden_axe":72,"minecraft:dark_oak_planks":439,"minecraft:dark_oak_log":2,"minecraft:iron_axe":214,"minecraft:bread":32,"minecraft:iron_pickaxe":34,"minecraft:dark_oak_slab":6,"minecraft:soul_lantern":3,"minecraft:stone_axe":38,"travelersbackpack:red_sleeping_bag":1,"dynamictrees:dark_oak_seed":17,"minecraft:potato":3,"minecraft:oak_boat":4,"minecraft:bone_meal":27,"minecraft:dark_oak_sapling":2},"minecraft:killed":{"minecraft:spider":2,"minecraft:skeleton":4,"minecraft:zombie":3,"minecraft:cow":6},"minecraft:crafted":{"minecraft:red_dye":4,"minecraft:oak_door":3,"minecraft:oak_planks":400,"minecraft:stone_shovel":9,"minecraft:dark_oak_stairs":116,"minecraft:crafting_table":4,"minecraft:wooden_pickaxe":1,"minecraft:bone_meal":27,"minecraft:stone_axe":1,"travelersbackpack:red_sleeping_bag":1,"minecraft:oak_boat":1,"travelersbackpack:white_sleeping_bag":1,"minecraft:dark_oak_slab":6,"minecraft:iron_axe":2,"minecraft:iron_pickaxe":1,"minecraft:wooden_axe":2,"minecraft:iron_shovel":1,"minecraft:dark_oak_planks":636,"minecraft:torch":28}},"DataVersion":3120}