{"stats":{"minecraft:dropped":{"dynamictrees:birch_seed":1,"minecraft:raw_iron":1,"dynamictrees:dark_oak_seed":6,"minecraft:cobblestone":4,"minecraft:rotten_flesh":3,"minecraft:carrot":1,"minecraft:stick":8,"minecraft:torch":3,"minecraft:gold_nugget":2,"minecraft:wooden_pickaxe":3,"minecraft:string":2},"minecraft:picked_up":{"minecraft:crafting_table":1,"minecraft:leather":4,"minecraft:wooden_pickaxe":2,"minecraft:potato":34,"minecraft:enchanted_book":1,"minecraft:oak_log":14,"minecraft:red_bed":3,"minecraft:dirt":15,"minecraft:string":4,"minecraft:bone":8,"minecraft:apple":20,"dynamictrees:dark_oak_seed":15,"minecraft:gold_nugget":3,"minecraft:beef":9,"minecraft:iron_ingot":2,"dynamictrees:birch_seed":1,"orcz:big_bone_1":2,"minecraft:chest":10,"minecraft:book":18,"minecraft:dark_oak_sapling":9,"minecraft:stick":35,"minecraft:raw_iron":1,"minecraft:torch":4,"orcz:bone_1deco":2,"minecraft:sand":8,"minecraft:carrot":1,"treasure2:wood_chest":1,"minecraft:dark_oak_log":66,"minecraft:dark_oak_planks":1,"minecraft:pumpkin_seeds":4,"minecraft:arrow":5,"minecraft:rotten_flesh":15,"minecraft:soul_lantern":1,"orcz:ironscrap":4,"minecraft:emerald":6,"minecraft:bread":32,"minecraft:baked_potato":16,"minecraft:coal":6,"minecraft:bone_block":3,"minecraft:cobblestone":9},"minecraft:broken":{"minecraft:wooden_axe":1},"minecraft:used":{"minecraft:oak_planks":14,"minecraft:wooden_pickaxe":8,"minecraft:torch":1,"minecraft:sand":8,"minecraft:dirt":15,"minecraft:crafting_table":2,"minecraft:red_bed":2,"minecraft:wooden_axe":72,"minecraft:dark_oak_planks":1,"minecraft:dark_oak_log":2,"minecraft:bread":19,"minecraft:iron_pickaxe":9,"minecraft:stone_axe":7,"dynamictrees:dark_oak_seed":9,"minecraft:potato":3},"minecraft:crafted":{"minecraft:oak_planks":56,"minecraft:crafting_table":1,"minecraft:wooden_pickaxe":1,"minecraft:stone_axe":1,"minecraft:iron_pickaxe":1,"minecraft:wooden_axe":2},"minecraft:killed":{"minecraft:spider":2,"minecraft:skeleton":4,"minecraft:zombie":3,"minecraft:cow":6},"minecraft:custom":{"minecraft:interact_with_furnace":1,"minecraft:mob_kills":15,"minecraft:interact_with_crafting_table":4,"minecraft:interact_with_cartography_table":2,"minecraft:interact_with_campfire":16,"minecraft:bell_ring":3,"minecraft:leave_game":1,"minecraft:time_since_death":44999,"minecraft:sleep_in_bed":4,"minecraft:time_since_rest":2484,"minecraft:sprint_one_cm":111570,"minecraft:damage_taken":920,"minecraft:walk_one_cm":183947,"minecraft:drop":16,"minecraft:damage_dealt":2355,"minecraft:talked_to_villager":7,"minecraft:fly_one_cm":71525,"minecraft:open_chest":27,"minecraft:play_time":44999,"minecraft:crouch_one_cm":85,"tombstone:undead_killed":7,"minecraft:sneak_time":147,"minecraft:walk_under_water_one_cm":7939,"minecraft:jump":650,"minecraft:walk_on_water_one_cm":15356,"minecraft:interact_with_smoker":1,"minecraft:total_world_time":44999,"minecraft:fall_one_cm":12271},"minecraft:mined":{"minecraft:dark_oak_planks":1,"minecraft:red_bed":3,"treasure2:wood_chest":1,"minecraft:soul_lantern":1,"minecraft:crafting_table":1,"minecraft:torch":1,"minecraft:grass_block":2,"minecraft:chest":10,"minecraft:cobblestone":7,"minecraft:iron_ore":1,"minecraft:grass":2,"minecraft:bookshelf":6,"minecraft:oak_log":14,"minecraft:coal_ore":2,"minecraft:sand":8,"minecraft:dirt":14,"minecraft:stone":2,"minecraft:bone_block":3}},"DataVersion":3120}