{"stats":{"minecraft:broken":{"minecraft:iron_axe":1,"minecraft:stone_axe":1,"minecraft:wooden_axe":1,"minecraft:stone_shovel":8},"minecraft:picked_up":{"minecraft:crafting_table":1,"minecraft:splash_potion":1,"minecraft:leather_leggings":1,"minecraft:wooden_pickaxe":2,"minecraft:enchanted_book":2,"minecraft:string":4,"minecraft:red_bed":5,"minecraft:cooked_salmon":3,"dynamictrees:dark_oak_seed":55,"minecraft:gold_nugget":3,"minecraft:beef":9,"minecraft:oak_boat":3,"minecraft:rose_bush":2,"dynamictrees:oak_seed":41,"minecraft:enchanted_golden_apple":2,"minecraft:chest":14,"minecraft:dark_oak_sapling":10,"minecraft:raw_iron":2,"minecraft:stick":323,"minecraft:sandstone":7,"minecraft:oak_door":1,"minecraft:torch":18,"minecraft:carrot":1,"treasure2:wood_chest":1,"minecraft:dark_oak_planks":36,"minecraft:arrow":7,"minecraft:rotten_flesh":19,"minecraft:totem_of_undying":2,"minecraft:bone_block":3,"minecraft:white_wool":7,"minecraft:cobblestone":89,"minecraft:enchanting_table":1,"minecraft:leather_chestplate":2,"minecraft:leather":5,"travelersbackpack:red_sleeping_bag":2,"minecraft:potato":34,"minecraft:oak_log":103,"minecraft:dirt":46,"minecraft:bone":11,"minecraft:apple":20,"minecraft:iron_ingot":23,"dynamictrees:birch_seed":1,"orcz:big_bone_1":2,"minecraft:oak_planks":164,"minecraft:dark_oak_stairs":8,"minecraft:book":18,"minecraft:dark_oak_slab":2,"orcz:bone_1deco":2,"minecraft:sand":1098,"minecraft:dark_oak_log":348,"minecraft:pumpkin_seeds":4,"minecraft:soul_lantern":4,"minecraft:writable_book":2,"minecraft:bread":37,"minecraft:emerald":7,"minecraft:baked_potato":16,"orcz:ironscrap":4,"minecraft:coal":17},"minecraft:dropped":{"dynamictrees:birch_seed":1,"dynamictrees:dark_oak_seed":6,"minecraft:cobblestone":4,"minecraft:stick":8,"minecraft:torch":3,"minecraft:gold_nugget":2,"minecraft:sand":1,"minecraft:string":2,"minecraft:raw_iron":1,"minecraft:rotten_flesh":16,"minecraft:carrot":1,"minecraft:leather_chestplate":1,"minecraft:wooden_pickaxe":3},"minecraft:custom":{"minecraft:mob_kills":23,"minecraft:interact_with_crafting_table":32,"minecraft:interact_with_campfire":16,"minecraft:bell_ring":3,"minecraft:leave_game":2,"minecraft:time_since_death":2181,"minecraft:climb_one_cm":896,"minecraft:sprint_one_cm":345472,"minecraft:walk_one_cm":738898,"minecraft:drop":20,"minecraft:talked_to_villager":7,"minecraft:play_time":166125,"minecraft:deaths":2,"minecraft:sneak_time":1346,"minecraft:walk_under_water_one_cm":14743,"minecraft:boat_one_cm":412820,"minecraft:jump":1736,"minecraft:walk_on_water_one_cm":37535,"minecraft:total_world_time":166125,"minecraft:interact_with_furnace":6,"tombstone:raider_killed":1,"minecraft:interact_with_cartography_table":2,"minecraft:sleep_in_bed":13,"minecraft:time_since_rest":681,"minecraft:damage_taken":2436,"minecraft:damage_dealt":3736,"minecraft:fly_one_cm":204347,"minecraft:open_chest":58,"minecraft:crouch_one_cm":4657,"tombstone:undead_killed":11,"minecraft:interact_with_smoker":1,"minecraft:fall_one_cm":34520},"minecraft:killed_by":{"minecraft:zombie":1,"minecraft:vex":1},"minecraft:mined":{"minecraft:dark_oak_planks":37,"dynamictrees:dark_oak_sapling":1,"minecraft:oak_door":1,"treasure2:wood_chest":1,"travelersbackpack:red_sleeping_bag":2,"minecraft:grass_block":13,"minecraft:sandstone":9,"minecraft:spawner":4,"minecraft:iron_ore":2,"minecraft:dark_oak_stairs":8,"minecraft:enchanting_table":1,"minecraft:bookshelf":6,"minecraft:stone":84,"minecraft:bone_block":3,"minecraft:red_bed":5,"minecraft:soul_lantern":4,"minecraft:crafting_table":2,"minecraft:torch":7,"minecraft:chest":14,"minecraft:rose_bush":2,"minecraft:cobblestone":7,"minecraft:oak_planks":164,"minecraft:wall_torch":3,"minecraft:dark_oak_slab":1,"minecraft:grass":2,"minecraft:coal_ore":13,"minecraft:oak_log":17,"minecraft:dark_oak_sapling":1,"minecraft:sand":1107,"minecraft:dirt":35},"minecraft:used":{"minecraft:iron_shovel":2,"minecraft:stone_shovel":1114,"minecraft:chest":4,"minecraft:iron_sword":7,"dynamictrees:oak_seed":34,"minecraft:oak_door":4,"minecraft:torch":36,"minecraft:dirt":28,"minecraft:dark_oak_planks":439,"minecraft:wooden_axe":72,"minecraft:iron_axe":239,"minecraft:dark_oak_slab":6,"travelersbackpack:red_sleeping_bag":2,"minecraft:furnace":1,"tombstone:gift":2,"dynamictrees:dark_oak_seed":17,"minecraft:potato":3,"minecraft:dark_oak_sapling":2,"minecraft:dark_oak_stairs":120,"minecraft:baked_potato":11,"minecraft:oak_planks":517,"minecraft:wooden_pickaxe":8,"minecraft:sandstone":7,"minecraft:sand":338,"minecraft:crafting_table":5,"minecraft:red_bed":5,"minecraft:dark_oak_log":2,"minecraft:bread":34,"minecraft:stone_button":1,"minecraft:iron_pickaxe":124,"minecraft:soul_lantern":3,"minecraft:stone_axe":38,"minecraft:oak_boat":4,"minecraft:bone_meal":27},"minecraft:killed":{"minecraft:evoker":1,"minecraft:spider":2,"minecraft:skeleton":6,"minecraft:zombie":5,"minecraft:cow":6},"minecraft:crafted":{"minecraft:oak_door":3,"minecraft:oak_planks":404,"minecraft:stone_shovel":9,"minecraft:furnace":1,"minecraft:stone_button":1,"minecraft:stone":3,"minecraft:bone_meal":27,"travelersbackpack:white_sleeping_bag":1,"minecraft:iron_axe":2,"minecraft:dark_oak_planks":636,"minecraft:red_dye":4,"minecraft:dark_oak_stairs":116,"minecraft:crafting_table":4,"minecraft:wooden_pickaxe":1,"minecraft:stone_axe":1,"travelersbackpack:red_sleeping_bag":1,"minecraft:oak_boat":1,"minecraft:dark_oak_slab":6,"minecraft:iron_pickaxe":1,"minecraft:wooden_axe":2,"minecraft:iron_shovel":1,"minecraft:torch":28}},"DataVersion":3120}