{"stats":{"minecraft:broken":{"minecraft:wooden_axe":1},"minecraft:picked_up":{"minecraft:crafting_table":1,"minecraft:leather":4,"minecraft:wooden_pickaxe":2,"minecraft:potato":34,"minecraft:enchanted_book":1,"minecraft:oak_log":14,"minecraft:string":2,"minecraft:dirt":15,"minecraft:red_bed":3,"minecraft:bone":6,"minecraft:apple":20,"dynamictrees:dark_oak_seed":6,"minecraft:gold_nugget":3,"minecraft:beef":9,"minecraft:iron_ingot":2,"dynamictrees:birch_seed":1,"orcz:big_bone_1":2,"minecraft:chest":10,"minecraft:book":18,"minecraft:dark_oak_sapling":9,"minecraft:raw_iron":1,"minecraft:stick":26,"minecraft:torch":4,"orcz:bone_1deco":2,"minecraft:sand":8,"minecraft:carrot":1,"minecraft:dark_oak_log":37,"treasure2:wood_chest":1,"minecraft:dark_oak_planks":1,"minecraft:pumpkin_seeds":4,"minecraft:arrow":3,"minecraft:rotten_flesh":8,"minecraft:emerald":6,"minecraft:bread":32,"orcz:ironscrap":4,"minecraft:baked_potato":16,"minecraft:coal":6,"minecraft:bone_block":3,"minecraft:cobblestone":9},"minecraft:dropped":{"dynamictrees:birch_seed":1,"dynamictrees:dark_oak_seed":6,"minecraft:cobblestone":4,"minecraft:rotten_flesh":3,"minecraft:carrot":1,"minecraft:stick":8,"minecraft:torch":3,"minecraft:gold_nugget":2,"minecraft:wooden_pickaxe":3},"minecraft:custom":{"minecraft:interact_with_furnace":1,"minecraft:mob_kills":13,"minecraft:interact_with_cartography_table":1,"minecraft:interact_with_crafting_table":4,"minecraft:interact_with_campfire":16,"minecraft:bell_ring":3,"minecraft:leave_game":1,"minecraft:time_since_death":41170,"minecraft:sleep_in_bed":3,"minecraft:time_since_rest":8248,"minecraft:sprint_one_cm":107721,"minecraft:damage_taken":830,"minecraft:walk_one_cm":162509,"minecraft:drop":14,"minecraft:damage_dealt":1955,"minecraft:talked_to_villager":7,"minecraft:fly_one_cm":67667,"minecraft:open_chest":26,"minecraft:crouch_one_cm":85,"minecraft:play_time":41170,"tombstone:undead_killed":5,"minecraft:sneak_time":147,"minecraft:walk_under_water_one_cm":7939,"minecraft:jump":610,"minecraft:walk_on_water_one_cm":15356,"minecraft:interact_with_smoker":1,"minecraft:total_world_time":41170,"minecraft:fall_one_cm":11853},"minecraft:mined":{"minecraft:dark_oak_planks":1,"minecraft:red_bed":3,"treasure2:wood_chest":1,"minecraft:torch":1,"minecraft:crafting_table":1,"minecraft:grass_block":2,"minecraft:chest":10,"minecraft:cobblestone":7,"minecraft:iron_ore":1,"minecraft:grass":2,"minecraft:coal_ore":2,"minecraft:bookshelf":6,"minecraft:oak_log":14,"minecraft:dirt":14,"minecraft:sand":8,"minecraft:stone":2,"minecraft:bone_block":3},"minecraft:used":{"minecraft:oak_planks":14,"minecraft:wooden_pickaxe":8,"minecraft:torch":1,"minecraft:dirt":15,"minecraft:sand":8,"minecraft:crafting_table":2,"minecraft:red_bed":2,"minecraft:dark_oak_planks":1,"minecraft:wooden_axe":72,"minecraft:dark_oak_log":2,"minecraft:bread":19,"minecraft:iron_pickaxe":8,"minecraft:potato":3},"minecraft:killed":{"minecraft:spider":2,"minecraft:skeleton":3,"minecraft:zombie":2,"minecraft:cow":6},"minecraft:crafted":{"minecraft:oak_planks":56,"minecraft:crafting_table":1,"minecraft:wooden_pickaxe":1,"minecraft:stone_axe":1,"minecraft:iron_pickaxe":1,"minecraft:wooden_axe":2}},"DataVersion":3120}